"","Df","Deviance","Resid. Df","Resid. Dev","Pr(>Chi)"
"NULL",NA,NA,306,7.69550544991944e-06,NA
"pa_type",1,7.68540782746739e-09,305,7.68782004209198e-06,0.58009466583251
"NDVImean_5",1,1.85092308997952e-08,304,7.66931081119218e-06,0.390573810705841
"Dist_water",1,3.58867142965732e-08,303,7.63342409689561e-06,0.231889110529538
"Prob_fogo",1,5.08286919595541e-08,302,7.58259540493605e-06,0.154798145592859
