"","Estimate","Std. Error","t value","Pr(>|t|)"
"(Intercept)",0.000209150125358037,2.17504042014103e-05,9.61591901563262,2.85537162182385e-19
"pa_type1",2.71113760945433e-05,2.33161405459631e-05,1.16277288863904,0.245839643284639
"NDVImean_5",-1.04919774868163e-05,1.19260140317512e-05,-0.879755587984634,0.379691230441891
"Dist_water",-1.16630497289818e-05,9.96205502252529e-06,-1.1707473711609,0.242623301240987
"Prob_fogo",-6.41763625732422e-05,4.14324126335777e-05,-1.54894099797684,0.12244317245307
