"","Df","Deviance","Resid. Df","Resid. Dev","Pr(>Chi)"
"NULL",NA,NA,306,6.10435570675028e-05,NA
"pa_type",1,3.81421570279569e-07,305,6.06621354972232e-05,0.142939224579247
"NDVImean_5",1,6.6250032720635e-07,304,5.99996351700168e-05,0.0535238151227577
"Dist_water",1,5.1577096575497e-06,303,5.48419255124672e-05,7.16603454448279e-08
"Prob_fogo",1,1.17141448304055e-06,302,5.36705110294266e-05,0.010250476083834
