"","Estimate","Std. Error","t value","Pr(>|t|)"
"(Intercept)",0.000540183728783101,5.49483180906304e-05,9.83076002239295,5.72309663932615e-20
"pa_type1",0.00024774238891391,5.88967630153456e-05,4.20638378461242,3.42434732396469e-05
"NDVImean_5",-6.3250406294113e-05,2.91489821816182e-05,-2.16990102433147,0.0307937541032799
"Dist_water",-0.000133571027414231,2.4967143869196e-05,-5.34987214052261,1.74209247977144e-07
"Prob_fogo",0.000328965696346163,0.000105561892777699,3.1163300286679,0.00200728411844192
